{"cameraMode":{"drawMode":0,"name":"Shaded","section":"Shading Mode"},"sceneLighting":true,"audioPlay":false,"sceneViewState":{"showFog":true,"showMaterialUpdate":false,"showSkybox":true,"showFlares":true,"showImageEffects":true,"showParticleSystems":true},"in2DMode":false,"pivot":{"x":10.148883819580079,"y":-0.02335071563720703,"z":-3.3919334411621095},"rotation":{"x":0.00029309545061551034,"y":0.9960535764694214,"z":-0.08869313448667526,"w":0.003287310479208827},"size":14.337998390197754,"orthographic":false}