{"cameraMode":{"drawMode":0,"name":"Shaded","section":"Shading Mode"},"sceneLighting":false,"audioPlay":false,"sceneViewState":{"showFog":true,"showMaterialUpdate":false,"showSkybox":true,"showFlares":true,"showImageEffects":true,"showParticleSystems":true},"in2DMode":false,"pivot":{"x":-0.9190000295639038,"y":0.0,"z":-2.9059998989105226},"rotation":{"x":-0.03379427641630173,"y":-0.6806843280792236,"z":-0.03146251663565636,"w":0.7311202883720398},"size":0.048079878091812137,"orthographic":false}