{"cameraMode":{"drawMode":0,"name":"Shaded","section":"Shading Mode"},"sceneLighting":false,"audioPlay":false,"sceneViewState":{"showFog":true,"showMaterialUpdate":false,"showSkybox":true,"showFlares":true,"showImageEffects":true,"showParticleSystems":true},"in2DMode":false,"pivot":{"x":0.36562326550483706,"y":1.1952000856399537,"z":-4.376420974731445},"rotation":{"x":-0.03379427641630173,"y":-0.6806843280792236,"z":-0.03146251663565636,"w":0.7311202883720398},"size":5.793007850646973,"orthographic":false}