{"cameraMode":{"drawMode":0,"name":"Shaded","section":"Shading Mode"},"sceneLighting":true,"audioPlay":false,"sceneViewState":{"showFog":true,"showMaterialUpdate":false,"showSkybox":true,"showFlares":true,"showImageEffects":true,"showParticleSystems":true},"in2DMode":false,"pivot":{"x":10.097712516784668,"y":29.875965118408204,"z":17.12157440185547},"rotation":{"x":0.22280552983283997,"y":-0.6919907927513123,"z":0.2395937740802765,"w":0.6435070633888245},"size":94.5084228515625,"orthographic":false}