{"cameraMode":{"drawMode":0,"name":"Shaded","section":"Shading Mode"},"sceneLighting":false,"audioPlay":false,"sceneViewState":{"showFog":true,"showMaterialUpdate":false,"showSkybox":true,"showFlares":true,"showImageEffects":true,"showParticleSystems":true},"in2DMode":false,"pivot":{"x":13.853279113769532,"y":1.078629493713379,"z":6.838778972625732},"rotation":{"x":-0.03252590820193291,"y":0.8679243326187134,"z":-0.0573747418820858,"w":-0.49229833483695986},"size":7.666682720184326,"orthographic":false}