{"cameraMode":{"drawMode":0,"name":"Shaded","section":"Shading Mode"},"sceneLighting":true,"audioPlay":false,"sceneViewState":{"showFog":true,"showMaterialUpdate":false,"showSkybox":true,"showFlares":true,"showImageEffects":true,"showParticleSystems":true},"in2DMode":false,"pivot":{"x":70.8834228515625,"y":-4.285106658935547,"z":6.601036071777344},"rotation":{"x":0.02004813216626644,"y":0.9796810150146484,"z":-0.15258164703845979,"w":0.12861600518226624},"size":67.50838470458985,"orthographic":false}