{"cameraMode":{"drawMode":0,"name":"Shaded","section":"Shading Mode"},"sceneLighting":false,"audioPlay":false,"sceneViewState":{"showFog":true,"showMaterialUpdate":false,"showSkybox":true,"showFlares":true,"showImageEffects":true,"showParticleSystems":true},"in2DMode":false,"pivot":{"x":-13.591919898986817,"y":3.0614705085754396,"z":-8.932536125183106},"rotation":{"x":-0.03252590820193291,"y":0.8679243326187134,"z":-0.0573747418820858,"w":-0.49229833483695986},"size":14.925520896911621,"orthographic":false}