{"cameraMode":{"drawMode":0,"name":"Shaded","section":"Shading Mode"},"sceneLighting":true,"audioPlay":false,"sceneViewState":{"showFog":true,"showMaterialUpdate":false,"showSkybox":true,"showFlares":true,"showImageEffects":true,"showParticleSystems":true},"in2DMode":false,"pivot":{"x":2.479583740234375,"y":-2.6720943450927736,"z":-5.8398284912109379},"rotation":{"x":0.24658285081386567,"y":-0.729236900806427,"z":0.32853859663009646,"w":0.5472412109375},"size":40.254005432128909,"orthographic":false}