{"cameraMode":{"drawMode":0,"name":"Shaded","section":"Shading Mode"},"sceneLighting":true,"audioPlay":false,"sceneViewState":{"showFog":true,"showMaterialUpdate":false,"showSkybox":true,"showFlares":true,"showImageEffects":true,"showParticleSystems":true},"in2DMode":false,"pivot":{"x":92.76948547363281,"y":15.210567474365235,"z":-2.2148079872131349},"rotation":{"x":0.05280718207359314,"y":-0.680959165096283,"z":0.049305785447359088,"w":0.7287489771842957},"size":9.764616966247559,"orthographic":false}