{"cameraMode":{"drawMode":0,"name":"Shaded","section":"Shading Mode"},"sceneLighting":false,"audioPlay":false,"sceneViewState":{"showFog":true,"showMaterialUpdate":false,"showSkybox":true,"showFlares":true,"showImageEffects":true,"showParticleSystems":true},"in2DMode":false,"pivot":{"x":6.207756996154785,"y":1.6831737756729127,"z":-9.807511329650879},"rotation":{"x":0.051740024238824847,"y":-0.9439407587051392,"z":0.1793951541185379,"w":0.272242933511734},"size":7.27589225769043,"orthographic":false}