{"cameraMode":{"drawMode":2,"name":"Shaded Wireframe","section":"Shading Mode"},"sceneLighting":true,"audioPlay":false,"sceneViewState":{"showFog":true,"showMaterialUpdate":true,"showSkybox":false,"showFlares":true,"showImageEffects":true,"showParticleSystems":true},"in2DMode":false,"pivot":{"x":6.490165710449219,"y":-25.634239196777345,"z":8.939125061035157},"rotation":{"x":-0.14913862943649293,"y":0.8466399908065796,"z":-0.40427887439727785,"w":-0.31227704882621767},"size":177.3066864013672,"orthographic":false}