{"cameraMode":{"drawMode":2,"name":"Shaded Wireframe","section":"Shading Mode"},"sceneLighting":true,"audioPlay":false,"sceneViewState":{"showFog":true,"showMaterialUpdate":true,"showSkybox":false,"showFlares":true,"showImageEffects":true,"showParticleSystems":true},"in2DMode":false,"pivot":{"x":-10.88421630859375,"y":9.988628387451172,"z":52.499755859375},"rotation":{"x":-0.08484291285276413,"y":-0.8382276296615601,"z":0.13647599518299104,"w":-0.5211050510406494},"size":27.15081214904785,"orthographic":false}