{"cameraMode":{"drawMode":2,"name":"Shaded Wireframe","section":"Shading Mode"},"sceneLighting":false,"audioPlay":false,"sceneViewState":{"showFog":true,"showMaterialUpdate":true,"showSkybox":false,"showFlares":true,"showImageEffects":true,"showParticleSystems":true},"in2DMode":false,"pivot":{"x":-13.110003471374512,"y":3.2392873764038088,"z":-7.492230415344238},"rotation":{"x":0.03293314948678017,"y":0.6802976727485657,"z":0.03064432367682457,"w":-0.7315540909767151},"size":7.200225830078125,"orthographic":false}