{"cameraMode":{"drawMode":2,"name":"Shaded Wireframe","section":"Shading Mode"},"sceneLighting":false,"audioPlay":false,"sceneViewState":{"showFog":true,"showMaterialUpdate":true,"showSkybox":false,"showFlares":true,"showImageEffects":true,"showParticleSystems":true},"in2DMode":false,"pivot":{"x":-27.816192626953126,"y":-12.076972961425782,"z":48.57375717163086},"rotation":{"x":0.25880223512649538,"y":-0.6239674091339111,"z":0.23062841594219209,"w":0.7003546953201294},"size":81.05840301513672,"orthographic":false}