{"cameraMode":{"drawMode":0,"name":"Shaded","section":"Shading Mode"},"sceneLighting":true,"audioPlay":false,"sceneViewState":{"showFog":true,"showMaterialUpdate":false,"showSkybox":true,"showFlares":true,"showImageEffects":true,"showParticleSystems":true},"in2DMode":false,"pivot":{"x":-0.5692410469055176,"y":2.580687999725342,"z":-0.6526312828063965},"rotation":{"x":-0.03539787232875824,"y":0.9209993481636047,"z":-0.08618844300508499,"w":-0.3782576024532318},"size":10.0,"orthographic":false}